epoch,train_loss,train_perplexity,validation_perplexity,epoch_time_seconds,vocab_size,dataset,tokenizer
1,6.605513218017456,739.1591216627779,401.90346689098004,515.60669558,50000,text8,word
2,5.830898236149002,340.6645388875244,276.4919221350617,526.068656184,50000,text8,word
3,5.535233773308969,253.46703453902575,231.2348217752213,526.9282326340003,50000,text8,word
