{
  "train": {
    "vocab_size": 32000.0,
    "avg_sequence_length": 86.06293752916861,
    "oov_rate": 1.0364424282144125,
    "compression_ratio": 0.19224504512447338
  },
  "validation": {
    "vocab_size": 32000.0,
    "avg_sequence_length": 86.56277935798455,
    "oov_rate": 3.944496340908131,
    "compression_ratio": 0.19102766897659937
  },
  "test": {
    "vocab_size": 32000.0,
    "avg_sequence_length": 82.82186094776894,
    "oov_rate": 4.693908235117233,
    "compression_ratio": 0.19184061648461792
  },
  "elapsed_time_seconds": 1.1287698999985878
}