{
  "train": {
    "vocab_size": 8000.0,
    "avg_sequence_length": 86.06293752916861,
    "oov_rate": 8.476842534190437,
    "compression_ratio": 0.19224504512447338
  },
  "validation": {
    "vocab_size": 8000.0,
    "avg_sequence_length": 86.56277935798455,
    "oov_rate": 10.45951058766095,
    "compression_ratio": 0.19102766897659937
  },
  "test": {
    "vocab_size": 8000.0,
    "avg_sequence_length": 82.82186094776894,
    "oov_rate": 11.39125786216056,
    "compression_ratio": 0.19184061648461792
  },
  "elapsed_time_seconds": 0.8287584999998217
}