{
  "train": {
    "vocab_size": 45379.0,
    "avg_sequence_length": 86.06293752916861,
    "oov_rate": 0.0,
    "compression_ratio": 0.19224504512447338
  },
  "validation": {
    "vocab_size": 45379.0,
    "avg_sequence_length": 86.56277935798455,
    "oov_rate": 0.0,
    "compression_ratio": 0.19102766897659937
  },
  "test": {
    "vocab_size": 45379.0,
    "avg_sequence_length": 82.82186094776894,
    "oov_rate": 3.4196744042299048,
    "compression_ratio": 0.19184061648461792
  }
}