{
  "train": {
    "vocab_size": 2000.0,
    "avg_sequence_length": 86.06293752916861,
    "oov_rate": 22.02689993787078,
    "compression_ratio": 0.19224504512447338
  },
  "validation": {
    "vocab_size": 2000.0,
    "avg_sequence_length": 86.56277935798455,
    "oov_rate": 22.986325933784286,
    "compression_ratio": 0.19102766897659937
  },
  "test": {
    "vocab_size": 2000.0,
    "avg_sequence_length": 82.82186094776894,
    "oov_rate": 23.42443555325387,
    "compression_ratio": 0.19184061648461792
  },
  "elapsed_time_seconds": 0.8274486999998771
}