epoch,train_loss,train_perplexity,validation_perplexity,epoch_time_seconds,vocab_size,dataset,tokenizer
1,1.5125023386757952,4.5380723921971535,3.9547007681391264,581.7899228000024,52,enwik8,char_32000
2,1.399482927268308,4.053103675534504,3.838611881105946,562.1330051000004,52,enwik8,char_32000
3,1.379711797918893,3.9737562176361894,3.785593561229124,552.4635402999993,52,enwik8,char_32000
