epoch,train_loss,train_perplexity,validation_perplexity,epoch_time_seconds,vocab_size,dataset,tokenizer
1,3.5648711019326678,35.334898510600105,26.151029412490484,102.33668130000297,2000,enwik8,word_2000
2,3.184602563890029,24.157685361177286,22.486360768783406,122.53763919999983,2000,enwik8,word_2000
3,3.0778852068477995,21.712436497122376,20.853162296508437,98.54127049999806,2000,enwik8,word_2000
