epoch,train_loss,train_perplexity,validation_perplexity,epoch_time_seconds,vocab_size,dataset,tokenizer
1,7.374339852804019,1594.5388526246513,1521.5041501480164,24.704144699964672,36000,wikitext103,bpe_36000
2,7.1791070405347845,1311.7364076748981,1376.461336709295,24.994597600074485,36000,wikitext103,bpe_36000
3,6.911237980112618,1003.4887727805974,1011.6778475665297,24.120962299988605,36000,wikitext103,bpe_36000
4,6.654025844585749,775.9017059622226,863.5558118410993,24.923600499983877,36000,wikitext103,bpe_36000
5,6.496285356121299,662.6754520765378,759.9930944425655,24.834451399976388,36000,wikitext103,bpe_36000
