epoch,train_loss,train_perplexity,validation_perplexity,epoch_time_seconds,vocab_size,dataset,tokenizer
1,5.866362144318232,352.9626148266977,167.2990756595474,247.82994119999785,36000,enwik8,word_36000
2,4.920721089184451,137.10143991624005,111.30284915322964,249.6744022999992,36000,enwik8,word_36000
3,4.61990981771917,101.48487957894272,91.59485395239632,244.7366378000006,36000,enwik8,word_36000
