epoch,train_loss,train_perplexity,validation_perplexity,epoch_time_seconds,vocab_size,dataset,tokenizer
1,4.812376316344952,123.02361346598123,72.24652425820929,539.9964280999993,2000,enwik8,bpe_2000
2,4.233087144185082,68.92969996818184,58.452143585391994,524.1470898999978,2000,enwik8,bpe_2000
3,4.093886154195682,59.97250182158928,53.01797995011963,555.964978,2000,enwik8,bpe_2000
