epoch,train_loss,train_perplexity,validation_perplexity,epoch_time_seconds,vocab_size,dataset,tokenizer
1,1.5125023386757952,4.5380723921971535,3.9547007681391264,1287.553797800003,52,enwik8,char_50000
2,1.399482927268308,4.053103675534504,3.838611881105946,1672.2362031999983,52,enwik8,char_50000
3,1.379711797918893,3.9737562176361894,3.785593561229124,1727.6861691999984,52,enwik8,char_50000
