epoch,train_loss,train_perplexity,validation_perplexity,epoch_time_seconds,vocab_size,dataset,tokenizer
1,6.73290561873387,839.5832340164967,502.58044922737633,230.19819479999933,36000,text8,bpe_36000
2,6.046331624009938,422.56007414285574,360.9206735911242,228.93562590000147,36000,text8,bpe_36000
3,5.781820876840858,324.34925308177486,303.9103493400148,228.07389610000246,36000,text8,bpe_36000
