{
  "train": {
    "vocab_size": 16000.0,
    "avg_sequence_length": 194.35382222222222,
    "oov_rate": 7.490828296890825,
    "compression_ratio": 0.20988184417905115
  },
  "validation": {
    "vocab_size": 16000.0,
    "avg_sequence_length": 194.0336,
    "oov_rate": 7.49901048065902,
    "compression_ratio": 0.20932156819001208
  },
  "test": {
    "vocab_size": 16000.0,
    "avg_sequence_length": 193.9964,
    "oov_rate": 7.725916563400145,
    "compression_ratio": 0.2095621301672877
  },
  "elapsed_time_seconds": 20.207603000000745
}