{
  "train": {
    "vocab_size": 50000.0,
    "avg_sequence_length": 194.35382222222222,
    "oov_rate": 3.138651362314917,
    "compression_ratio": 0.20988184417905115
  },
  "validation": {
    "vocab_size": 50000.0,
    "avg_sequence_length": 194.0336,
    "oov_rate": 3.334783254034353,
    "compression_ratio": 0.20932156819001208
  },
  "test": {
    "vocab_size": 50000.0,
    "avg_sequence_length": 193.9964,
    "oov_rate": 3.407692101502915,
    "compression_ratio": 0.2095621301672877
  },
  "elapsed_time_seconds": 15.94503739999891
}