{
  "train": {
    "vocab_size": 2000.0,
    "avg_sequence_length": 194.35382222222222,
    "oov_rate": 23.43455041103728,
    "compression_ratio": 0.20988184417905115
  },
  "validation": {
    "vocab_size": 2000.0,
    "avg_sequence_length": 194.0336,
    "oov_rate": 23.31018957541374,
    "compression_ratio": 0.20932156819001208
  },
  "test": {
    "vocab_size": 2000.0,
    "avg_sequence_length": 193.9964,
    "oov_rate": 23.595386306137637,
    "compression_ratio": 0.2095621301672877
  },
  "elapsed_time_seconds": 17.048787899999297
}