{
  "train": {
    "vocab_size": 36000.0,
    "avg_sequence_length": 194.35382222222222,
    "oov_rate": 4.071966340427001,
    "compression_ratio": 0.20988184417905115
  },
  "validation": {
    "vocab_size": 36000.0,
    "avg_sequence_length": 194.0336,
    "oov_rate": 4.203911075195224,
    "compression_ratio": 0.20932156819001208
  },
  "test": {
    "vocab_size": 36000.0,
    "avg_sequence_length": 193.9964,
    "oov_rate": 4.2875022423096505,
    "compression_ratio": 0.2095621301672877
  },
  "elapsed_time_seconds": 12.38173100000131
}