{
  "train": {
    "vocab_size": 32000.0,
    "avg_sequence_length": 194.35382222222222,
    "oov_rate": 4.466658861124076,
    "compression_ratio": 0.20988184417905115
  },
  "validation": {
    "vocab_size": 32000.0,
    "avg_sequence_length": 194.0336,
    "oov_rate": 4.57992842476767,
    "compression_ratio": 0.20932156819001208
  },
  "test": {
    "vocab_size": 32000.0,
    "avg_sequence_length": 193.9964,
    "oov_rate": 4.689983937846269,
    "compression_ratio": 0.2095621301672877
  },
  "elapsed_time_seconds": 19.894620799999757
}