dataset,tokenizer,tokenizer_family,vocab_size,avg_sequence_length,oov_rate,compression_ratio,compression_vs_word
one_billion,word,word,29164.0,26.619666666666667,3.8257428718115682,0.1967884588752312,1.0
one_billion,char,char,52.0,135.27046666666666,,1.0,5.0815988179165785
one_billion,bpe_2000,bpe,2000.0,39.0758,,0.2888716285446885,1.4679297261423259
one_billion,bpe_8000,bpe,8000.0,30.95393333333333,,0.22882994415632482,1.162821973728697
one_billion,bpe_16000,bpe,16000.0,28.984066666666667,,0.2142675144167956,1.0888215479783119
one_billion,bpe_32000,bpe,32000.0,28.034933333333335,,0.2072509545074387,1.053166205437083
one_billion,bpe_50000,bpe,38379.0,27.829333333333334,,0.20573103663425918,1.0454425925694035
 