epoch,train_loss,train_perplexity,validation_perplexity,epoch_time_seconds,vocab_size,dataset,tokenizer
1,7.255327932891392,1415.6271577255723,946.0761026248255,41.982279659999904,50000,one_billion,word
2,6.902811782700675,995.0687026861514,745.6690331883586,43.73544040899992,50000,one_billion,word
3,6.636289305630184,762.2612202210264,580.1626532641274,46.42045881099989,50000,one_billion,word
