epoch,train_loss,train_perplexity,validation_perplexity,epoch_time_seconds,vocab_size,dataset,tokenizer
1,5.316411066477475,203.65167653170968,111.16821112854048,139.56700590000037,16000,enwik8,word_16000
2,4.541734679269657,93.85346465280612,79.0404390214681,143.01877779999995,16000,enwik8,word_16000
3,4.298368657624066,73.57966211754827,67.50822993689533,152.79029749999972,16000,enwik8,word_16000
