{
  "train": {
    "vocab_size": 38379.0,
    "avg_sequence_length": 26.623,
    "compression_ratio": 0.1955521190750296
  },
  "validation": {
    "vocab_size": 38379.0,
    "avg_sequence_length": 27.9784,
    "compression_ratio": 0.20560530636060736
  },
  "test": {
    "vocab_size": 38379.0,
    "avg_sequence_length": 27.829333333333334,
    "compression_ratio": 0.20573103663425918
  }
}