epoch,train_loss,train_perplexity,validation_perplexity,epoch_time_seconds,vocab_size,dataset,tokenizer
1,1.5125023386757952,4.5380723921971535,3.9547007681391264,371.1329177999978,52,enwik8,char_16000
2,1.399482927268308,4.053103675534504,3.838611881105946,569.8390069000016,52,enwik8,char_16000
3,1.379711797918893,3.9737562176361894,3.785593561229124,749.7464083000013,52,enwik8,char_16000
