{
  "train": {
    "vocab_size": 2000.0,
    "avg_sequence_length": 26.71613333333333,
    "oov_rate": 20.161350694461774,
    "compression_ratio": 0.1962362050416695
  },
  "validation": {
    "vocab_size": 2000.0,
    "avg_sequence_length": 26.738933333333332,
    "oov_rate": 20.69317150522085,
    "compression_ratio": 0.19649681825107426
  },
  "test": {
    "vocab_size": 2000.0,
    "avg_sequence_length": 26.619666666666667,
    "oov_rate": 20.623348651999148,
    "compression_ratio": 0.1967884588752312
  },
  "elapsed_time_seconds": 0.49959060000037425
}