{
  "train": {
    "vocab_size": 10000.0,
    "avg_sequence_length": 194.35382222222222,
    "oov_rate": 0.0,
    "compression_ratio": 0.20988184417905115
  },
  "validation": {
    "vocab_size": 10000.0,
    "avg_sequence_length": 194.0336,
    "oov_rate": 0.0,
    "compression_ratio": 0.20932156819001208
  },
  "test": {
    "vocab_size": 10000.0,
    "avg_sequence_length": 193.9964,
    "oov_rate": 10.43256472800526,
    "compression_ratio": 0.2095621301672877
  }
}