epoch,train_loss,train_perplexity,validation_perplexity,epoch_time_seconds,vocab_size,dataset,tokenizer
1,6.562857816899755,708.2929766313097,339.3428676492795,256.0311451000016,36000,enwik8,bpe_36000
2,5.597694630430921,269.80369268540056,219.36856136669212,256.03167010000107,36000,enwik8,bpe_36000
3,5.278534831746247,196.08237111691082,178.61197830592317,255.86616829999912,36000,enwik8,bpe_36000
