epoch,train_loss,train_perplexity,validation_perplexity,epoch_time_seconds,vocab_size,dataset,tokenizer
1,4.773990879354361,118.39078373620349,71.7174032942313,116.47587030000068,8000,enwik8,word_8000
2,4.141326926794434,62.88621150976592,55.275036385966295,131.26478169999973,8000,enwik8,word_8000
3,3.954360777100779,52.1623399230845,48.68688996419586,129.55917899999986,8000,enwik8,word_8000
