epoch,train_loss,train_perplexity,validation_perplexity,epoch_time_seconds,vocab_size,dataset,tokenizer
1,5.253561065029252,191.24609707152348,109.19500156462735,3486.9212161600003,50000,wikitext103,word
2,4.605006036320677,99.98358638044047,87.15067045697273,3517.255498144,50000,wikitext103,word
3,4.457030255456658,86.23104429408525,79.48807744847659,3519.950570817,50000,wikitext103,word
