epoch,train_loss,train_perplexity,validation_perplexity,epoch_time_seconds,vocab_size,dataset,tokenizer
1,5.6621880571306695,287.7776280681346,146.23505505892612,222.59827070000028,32000,enwik8,word_32000
2,4.822565372147965,124.28351563552539,104.06237346463081,231.15939410000283,32000,enwik8,word_32000
3,4.568383784629647,96.38819972475922,88.77634309971722,221.44357170000148,32000,enwik8,word_32000
