epoch,train_loss,train_perplexity,validation_perplexity,epoch_time_seconds,vocab_size,dataset,tokenizer
1,5.83996604795447,343.76766885128217,166.50763025700888,599.4608625559999,50000,enwik8,word
2,4.949304186397919,141.07676662877486,116.34163524513394,603.0870478119996,50000,enwik8,word
3,4.667415396198422,106.42232711479717,98.02269578756538,603.3473920610004,50000,enwik8,word
