{
  "train": {
    "vocab_size": 50000.0,
    "avg_sequence_length": 86.71331457939705,
    "oov_rate": 0.0,
    "compression_ratio": 0.19108836006896618
  },
  "validation": {
    "vocab_size": 50000.0,
    "avg_sequence_length": 86.59853718000812,
    "oov_rate": 0.0,
    "compression_ratio": 0.18989858127843548
  },
  "test": {
    "vocab_size": 50000.0,
    "avg_sequence_length": 82.89830508474576,
    "oov_rate": 2.764761598771588,
    "compression_ratio": 0.18988125043576368
  }
}