epoch,train_loss,train_perplexity,validation_perplexity,epoch_time_seconds,vocab_size,dataset,tokenizer
1,5.825775428898181,338.92384255030123,168.32427758569983,316.3074196999987,50000,enwik8,word_50000
2,4.9624011639891,142.9365983825531,118.45395267534926,320.0222399999984,50000,enwik8,word_50000
3,4.6845298397241075,108.25936108982746,99.6231016843787,301.2759373000008,50000,enwik8,word_50000
