{
  "train": {
    "vocab_size": 8000.0,
    "avg_sequence_length": 199.99747791542524,
    "oov_rate": 11.941378174558812,
    "compression_ratio": 0.17020689415566248
  },
  "validation": {
    "vocab_size": 8000.0,
    "avg_sequence_length": 200.0,
    "oov_rate": 12.058574453069866,
    "compression_ratio": 0.17044593403650132
  },
  "test": {
    "vocab_size": 8000.0,
    "avg_sequence_length": 200.0,
    "oov_rate": 12.087723424270932,
    "compression_ratio": 0.1697671869812683
  },
  "elapsed_time_seconds": 12.251264500000616
}