{
  "train": {
    "vocab_size": 16000.0,
    "avg_sequence_length": 199.99747791542524,
    "oov_rate": 7.075712561583581,
    "compression_ratio": 0.17020689415566248
  },
  "validation": {
    "vocab_size": 16000.0,
    "avg_sequence_length": 200.0,
    "oov_rate": 7.242413549752999,
    "compression_ratio": 0.17044593403650132
  },
  "test": {
    "vocab_size": 16000.0,
    "avg_sequence_length": 200.0,
    "oov_rate": 7.277281279397931,
    "compression_ratio": 0.1697671869812683
  },
  "elapsed_time_seconds": 9.692570300001535
}