{
  "train": {
    "vocab_size": 50000.0,
    "avg_sequence_length": 199.99747791542524,
    "oov_rate": 2.4432904418911248,
    "compression_ratio": 0.17020689415566248
  },
  "validation": {
    "vocab_size": 50000.0,
    "avg_sequence_length": 200.0,
    "oov_rate": 2.7578216890143494,
    "compression_ratio": 0.17044593403650132
  },
  "test": {
    "vocab_size": 50000.0,
    "avg_sequence_length": 200.0,
    "oov_rate": 2.7730479774223897,
    "compression_ratio": 0.1697671869812683
  },
  "elapsed_time_seconds": 10.25796850000006
}