{
  "train": {
    "vocab_size": 32000.0,
    "avg_sequence_length": 199.99747791542524,
    "oov_rate": 3.800306665829446,
    "compression_ratio": 0.17020689415566248
  },
  "validation": {
    "vocab_size": 32000.0,
    "avg_sequence_length": 200.0,
    "oov_rate": 4.063632086567867,
    "compression_ratio": 0.17044593403650132
  },
  "test": {
    "vocab_size": 32000.0,
    "avg_sequence_length": 200.0,
    "oov_rate": 4.058678269049859,
    "compression_ratio": 0.1697671869812683
  },
  "elapsed_time_seconds": 10.062227500000517
}