{
  "train": {
    "vocab_size": 2000.0,
    "avg_sequence_length": 199.99747791542524,
    "oov_rate": 25.465959367659686,
    "compression_ratio": 0.17020689415566248
  },
  "validation": {
    "vocab_size": 2000.0,
    "avg_sequence_length": 200.0,
    "oov_rate": 25.479769466007994,
    "compression_ratio": 0.17044593403650132
  },
  "test": {
    "vocab_size": 2000.0,
    "avg_sequence_length": 200.0,
    "oov_rate": 25.54245061147695,
    "compression_ratio": 0.1697671869812683
  },
  "elapsed_time_seconds": 14.483726300000853
}