{
  "train": {
    "vocab_size": 36000.0,
    "avg_sequence_length": 199.99747791542524,
    "oov_rate": 3.3919851715238423,
    "compression_ratio": 0.17020689415566248
  },
  "validation": {
    "vocab_size": 36000.0,
    "avg_sequence_length": 200.0,
    "oov_rate": 3.6692542931075036,
    "compression_ratio": 0.17044593403650132
  },
  "test": {
    "vocab_size": 36000.0,
    "avg_sequence_length": 200.0,
    "oov_rate": 3.6883819379115708,
    "compression_ratio": 0.1697671869812683
  },
  "elapsed_time_seconds": 16.406998099999328
}