{
  "train": {
    "vocab_size": 36000.0,
    "avg_sequence_length": 26.7816,
    "compression_ratio": 0.1967170729151415
  },
  "validation": {
    "vocab_size": 36000.0,
    "avg_sequence_length": 28.0346,
    "compression_ratio": 0.2060183041809783
  },
  "test": {
    "vocab_size": 36000.0,
    "avg_sequence_length": 27.887666666666668,
    "compression_ratio": 0.20616227143939278
  },
  "elapsed_time_seconds": 2.134484900001553
}