dataset,tokenizer,tokenizer_family,vocab_size,avg_sequence_length,oov_rate,compression_ratio,compression_vs_word
enwik8,word,word,50000.0,193.9964,3.407692101502915,0.2095621301672877,1.0
enwik8,char,char,52.0,925.7226,,1.0,4.771854529259306
enwik8,bpe_2000,bpe,2000.0,290.28,,0.31357125773962957,1.4963164264903885
enwik8,bpe_8000,bpe,8000.0,231.2984,,0.24985713862878578,1.1922819186335416
enwik8,bpe_16000,bpe,16000.0,213.3304,,0.2304474364134569,1.0996616432057502
enwik8,bpe_32000,bpe,32000.0,201.9752,,0.21818112683000285,1.0411285982626481
enwik8,bpe_50000,bpe,50000.0,197.2404,,0.21306641968123063,1.0167219597889445
